level,cost_usd,successful_tools,success_per_dollar
L1,38.02669529560618,885,23.273124133462574
L10,27.28901591260795,684,25.065029907655312
L2,46.976853668686346,1057,22.50044261062488
L3,130.15486162613897,3241,24.901105955684955
L4,118.40797940900211,2989,25.243231198764615
L5,149.51983915519097,3486,23.314631822080678
L6,33.55172563966233,794,23.66495269207235
L7,71.29432330729809,1725,24.19547475841487
L8,21.895044262830222,509,23.247269742409056
L9,15.067319308341693,340,22.56539421791947
