practice,cost_usd,successful_tools,cost_per_success
Backend Engineering,73.42005457550079,1784,0.04115473911182779
Data Engineering,184.9388940471092,4432,0.04172808981207337
Frontend Engineering,209.80805116855143,5026,0.04174453863281962
ML Engineering,141.2456208075532,3460,0.04082243375940844
Platform Engineering,42.771036986650266,1008,0.04243158431215304
