tool_name,success_bool
Bash,0.9338734398948981
WebSearch,0.9411764705882353
WebFetch,0.9464285714285714
ToolSearch,0.9516129032258065
NotebookEdit,0.9565217391304348
mcp_tool,0.9618320610687023
Read,0.9835407466880771
Edit,0.9858260019550342
Grep,0.9874686716791979
Write,0.9891774891774892
TodoWrite,0.9901719901719902
Glob,0.993368700265252
TaskCreate,0.9935483870967742
TaskUpdate,0.9936305732484076
Task,0.9969135802469136
ExitPlanMode,1.0
AskUserQuestion,1.0
